model_name,seed,run_id,final_epoch,best_epoch,completion_reason,training_duration_seconds,optimizer_updates,optimizer_attempts,best_public_val_acc,best_checkpoint_sha256,PublicTest_accuracy,PublicTest_macro_f1,PublicTest_balanced_accuracy,PublicTest_ece,PublicTest_nll,PublicTest_disgust_recall,PrivateTest_accuracy,PrivateTest_macro_f1,PrivateTest_balanced_accuracy,PrivateTest_ece,PrivateTest_nll,PrivateTest_disgust_recall
mini_cnn,42,20261007_070919_seed42,85,75,val_acc,181.08458940000128,19116,19125,0.6193926334381104,5fd62be19dfc7adb49dae8f59793d989105d6ee4c37b74e4e8d326e03a25446f,0.6191139593201449,0.5318835769580917,0.529886702813788,0.02165341418362091,1.0108586606422993,0.05357142857142857,0.6369462245750905,0.5390673386198747,0.5399067557351542,0.019325030638036297,0.9768254999942492,0.03636363636363636
mini_cnn,43,20261007_071225_seed43,38,28,val_acc,88.32982599999741,8546,8550,0.5845639705657959,3f0f510eac710ba365c54c4b940a021b7c2941fb91dc451055f22f1c0b78cc27,0.5851212036779047,0.4860757954268203,0.4946787895379403,0.026022590250482654,1.095406219646032,0.017857142857142856,0.5954304820284202,0.49257086877939565,0.5007990765089828,0.024845239128964188,1.0613192030509357,0.01818181818181818
mini_cnn,44,20261007_071358_seed44,89,79,val_acc,190.53151880000223,20015,20025,0.6219002604484558,7a556fbd1a295b92f10252a7032eb0db8ab33db5bb8244e506509ca1a400bd70,0.6216216216216216,0.5445424089735466,0.5383366624084649,0.018860823112830844,1.0124012573661108,0.10714285714285714,0.6269155753691836,0.5454605216024355,0.5389531018307847,0.013305236661988872,0.9852297642725455,0.10909090909090909
vgg_lite,42,20261007_071712_seed42,36,26,val_acc,173.4267699999982,8097,8100,0.5998885631561279,062fc06809c1f6b83fb6a61d81d89bdccd04458f2643c71cd392b134e1a07ac2,0.599609919197548,0.4838671160800051,0.4999468230767096,0.10916659514961816,1.1038189332624473,0.0,0.6018389523544163,0.4828837331820598,0.50201175144984,0.11092675944147218,1.0875701524409151,0.0
vgg_lite,43,20261007_072010_seed43,89,79,val_acc,416.3328984999971,20017,20025,0.6505990624427795,885b4a33dff8f1c0075fae99dcd088cddb1710c04f35be35812e60c3d8163f36,0.6503204235162998,0.5458972634666263,0.5484818078521881,0.07141990433183679,0.9642182516346053,0.017857142857142856,0.6603510727222067,0.5487892830946278,0.5532055625424436,0.0827826857151644,0.9288864873252222,0.0
vgg_lite,44,20261007_072711_seed44,34,24,val_acc,166.7924466000004,7647,7650,0.5959877967834473,51971a9dde9671ac1499ff67e571717602038ddd9647eb869d5c699721529f3e,0.5962663694622458,0.48194228617438856,0.4955592953179054,0.08958459477150264,1.0887454180011915,0.0,0.60490387294511,0.48660042199612275,0.5035405900941198,0.09745657731311572,1.0650395310231087,0.0
micro_resnet,42,20261007_073002_seed42,38,28,val_acc,124.9733492000014,8546,8550,0.6436333656311035,9be1afe81adb22507cda2166a9329097b3ab91dc1214a3a35742e330d7df6051,0.6436333240456952,0.5858823854313414,0.5816824507422537,0.05384802679209764,0.9816054540303056,0.2857142857142857,0.6514349400947339,0.5919551593115998,0.5852504807023363,0.041361067567605034,0.9376716891873267,0.2909090909090909
micro_resnet,43,20261007_073211_seed43,40,30,val_acc,131.3671162999999,8996,9000,0.6439119577407837,6ca0104e3a053556e0c6be69a14bb3cb8c18fdeed94d292a635d814c28238a70,0.6439119531903037,0.5956648910116022,0.5879313429325578,0.044228583146649576,0.982386139592241,0.32142857142857145,0.6475341320702146,0.5963612275685837,0.591074120493768,0.0348055193096391,0.9394677167546172,0.34545454545454546
micro_resnet,44,20261007_073427_seed44,38,28,val_acc,124.51364240000112,8545,8550,0.6408470869064331,dc4a81604a1302f4355e89c527d61b2b7cf2bee9faab84b8839efafabd45a0db,0.6400111451657844,0.5963106381779001,0.5901455799633658,0.052135708011369186,0.9856836227097153,0.375,0.6439119531903037,0.5746209913857816,0.573904841603486,0.043211689555701475,0.9440958006777063,0.23636363636363636
